country,iso3,survey_period,men_pct,women_pct,women_minus_men_pp,basis,measurement,derivation,age_group,coverage,source,note
Mexico,MEX,2022,32.3,41.0,8.7,crude,measured,published,20+,national,ENSANUT,
South Korea,KOR,1998,1.7,3.0,1.3,crude,measured,published,20+,national,KNHANES (Khang & Yun),
South Korea,KOR,2001,2.8,3.5,0.7,crude,measured,published,20+,national,KNHANES (Khang & Yun),
South Korea,KOR,2005,3.6,3.4,-0.2,crude,measured,published,20+,national,KNHANES (Khang & Yun),
South Korea,KOR,2007-2009,3.8,4.0,0.2,crude,measured,published,19+,national,KNHANES (Lee et al.),"underlies main-panel total 4.1"
Japan,JPN,1976-1980,0.84,2.69,1.85,crude,measured,published,20+,national,NNS (Yoshiike 2002),
Japan,JPN,1981-1985,1.07,2.55,1.48,crude,measured,published,20+,national,NNS (Yoshiike 2002),
Japan,JPN,1986-1990,1.27,2.62,1.35,crude,measured,published,20+,national,NNS (Yoshiike 2002),
Japan,JPN,1991-1995,1.86,2.79,0.93,crude,measured,published,20+,national,NNS (Yoshiike 2002),
Japan,JPN,2000,2.2,3.5,1.3,crude,measured,published,20+,national,NNS 2000,
Japan,JPN,2010,4.6,3.1,-1.5,crude,measured,published,20-64,national,NIPPON DATA2010,"first year men > women"
China,CHN,2004,2.6,3.7,1.1,age-standardised,measured,published,18-69,national,CCDRFS,
China,CHN,2007,2.4,3.6,1.2,age-standardised,measured,published,18-69,national,CCDRFS,
China,CHN,2010,5.1,5.2,0.1,age-standardised,measured,published,18-69,national,CCDRFS,
China,CHN,2013,6.3,6.6,0.3,age-standardised,measured,published,18-69,national,CCDRFS,
China,CHN,2015,6.8,6.5,-0.3,age-standardised,measured,published,18-69,national,CCDRFS,
China,CHN,2018,9.0,7.2,-1.8,age-standardised,measured,published,18-69,national,CCDRFS,"men overtook women"
Germany,DEU,1998,18.9,22.5,3.6,crude,measured,published,18-79,national,GNHIES98,
Germany,DEU,2008-2011,23.3,23.9,0.6,crude,measured,published,18-79,national,DEGS1,
France,FRA,2014-2016,16.8,17.4,0.6,crude,measured,published,18-74,national,Esteban,
Spain,ESP,2008-2010,24.4,21.4,-3.0,crude,measured,published,18+,national,ENRICA,
Italy,ITA,1998,17.0,19.0,2.0,age-standardised,measured,published,35-74,national,CUORE HES,
Italy,ITA,2008,24.0,23.0,-1.0,age-standardised,measured,published,35-74,national,CUORE HES,
Italy,ITA,2018,20.0,23.0,3.0,age-standardised,measured,published,35-74,national,CUORE HES,
Brazil,BRA,1974-1975,2.8,8.0,5.2,crude,measured,published,20+,national,IBGE ENDEF,
Brazil,BRA,1989,5.4,13.2,7.8,crude,measured,published,20+,national,IBGE PNSN,
Brazil,BRA,2002-2003,9.0,13.5,4.5,crude,measured,published,20+,national,IBGE POF,
Brazil,BRA,2008-2009,12.4,16.9,4.5,crude,measured,published,20+,national,IBGE POF,
Brazil,BRA,2013,16.8,24.4,7.6,crude,measured,published,18+,national,PNS,
Brazil,BRA,2019,21.8,29.5,7.7,crude,measured,published,18+,national,PNS,
India,IND,2017-2018,5.8,12.7,6.9,crude,measured,published,18-69,national,NNMS,"women >2x men"
South Africa,ZAF,1998,10.1,29.5,19.4,crude,measured,published,18+,national,SADHS,"largest sex gap in panel"
South Africa,ZAF,2012,10.6,39.2,28.6,crude,measured,published,15+,national,SANHANES-1,"not in main panel; brackets SADHS 1998/2016"
South Africa,ZAF,2016,12.1,42.6,30.5,crude,measured,published,18+,national,SADHS,"largest sex gap in panel"
Finland,FIN,1978-1980,11.3,17.9,6.6,crude,measured,published,25-64,national,FINRISK,
Finland,FIN,2000-2001,20.7,24.1,3.4,crude,measured,published,25-64,national,FINRISK,
Norway,NOR,1984-1986,7.7,13.3,5.6,crude,measured,published,25-74,sub-national,HUNT1,
Norway,NOR,1995-1997,14.4,18.3,3.9,crude,measured,published,25-74,sub-national,HUNT2,
Norway,NOR,2006-2008,22.1,23.1,1.0,crude,measured,published,25-74,sub-national,HUNT3,
Türkiye,TUR,2017,21.6,35.9,14.3,crude,measured,published,15+,national,STEPS 2017,"men approx (WHO STEPS via World Obesity); women/total exact"
Türkiye,TUR,2023,20.0,30.8,10.8,crude,measured,published,15+,national,STEPS 2023,"men approx; women 30.8 exact"
Argentina,ARG,2018,31.4,33.4,2.0,crude,measured,published,18+,national,ENFR 2018 (measured),"4th ENFR mediciones antropométricas, Cuadro 6.5; non-sig sex diff"
Egypt,EGY,2017,24.8,48.8,24.0,crude,measured,published,15-69,national,STEPS 2017,"WHO Egypt STEPS Facts & Figures; strong female skew (women ~2x men)"
Egypt,EGY,2019,29.5,49.5,20.0,crude,measured,published,18+,national,100 Million Seha,"mass national screening ~49.7M; not a probability survey"
Netherlands,NLD,1976-1980,4.9,6.2,1.3,crude,measured,published,37-43,sub-national,CBHP,"RIVM Consultation Bureau Heart Project; narrow 37-43 band (Visscher 2002)"
Netherlands,NLD,1993-1997,8.5,9.6,1.1,crude,measured,published,20-59,sub-national,MORGEN,"RIVM monitoring (Amsterdam/Doetinchem/Maastricht)"
Netherlands,NLD,1998-2002,11.5,11.0,-0.5,crude,measured,published,20-59,sub-national,REGENBOOG,"measured arm of Visscher 2006; men > women here"
Netherlands,NLD,2009-2010,13,14,1.0,crude,measured,published,30-70,national,NL de Maat,"national sample n~4500; 30-70 base; source rounds to whole %"
Thailand,THA,2004-2005,2.2,7.3,5.1,crude,measured,published,19+,national,TFCS,"National Thai Food Consumption Survey; different instrument from NHES (low)"
Thailand,THA,2014,8.5,13.1,4.6,crude,measured,published,15+,national,NHES V,"NHES V report Table 5.1.3 (BMI>=30 row)"
Thailand,THA,2019-2020,10.0,16.4,6.4,crude,measured,published,15+,national,NHES VI,"NHES VI report Table 5.1.3; text states men 10 / women 16.4"
Malaysia,MYS,2019,15.3,24.7,9.4,crude,measured,published,18+,national,NHMS 2019,"Chong et al. 2022 (Asia Pac J Public Health)"
Malaysia,MYS,2023,17.9,26.0,8.1,crude,measured,published,18+,national,NHMS 2023,"NHMS 2023 Technical Report Table 4.4.3 (BMI>=30, WHO 1998)"
Singapore,SGP,2010,11.7,9.4,-2.3,crude,measured,published,18-74,national,NHS 2010,"NPHS 2020 report Table 12.6 (BMI>=30); male-skewed"
Singapore,SGP,2013,9.4,7.8,-1.6,crude,measured,published,18-74,national,NHSS 2013,"NPHS 2020 report Table 12.6 (BMI>=30)"
Singapore,SGP,2017,7.0,10.0,3.0,crude,measured,published,18-74,national,NPHS 2017,"NPHS 2020 report Table 12.6; note female>male this wave"
Singapore,SGP,2019-2020,11.9,9.3,-2.6,crude,measured,published,18-74,national,NPHS,"NPHS 2020 report Table 12.6 (BMI>=30); male-skewed"
Ecuador,ECU,2011-2013,17.0,28.1,11.1,crude,measured,published,19-59,national,ENSANUT-ECU 2012,"Freire et al. ENSANUT fuller tabulations (BMI>=30); not in the exec summary; adults 19-59"
Kenya,KEN,2015,4.4,13.8,9.4,crude,measured,published,18-69,national,STEPS 2015,"WHO Kenya STEPS 2015 (BMI>=30)"
Chile,CHL,2016-2017,30.3,38.4,8.1,crude,measured,published,15+,national,ENS 2016-2017,"obesidad general; underlies main-panel total 34.4"
Iran,IRN,2011,14.7,27.7,13.0,crude,measured,published,20+,national,STEPS 2011,"n=8,639; strong female skew (women ~2x men)"
Iran,IRN,2016,15.3,29.8,14.5,crude,measured,published,18+,national,STEPS 2016,
Iran,IRN,2021,17.2,31.2,14.0,crude,measured,published,18+,national,STEPS 2021,"first STEPS during COVID-19"
Peru,PER,1975,5.2,10.9,5.7,crude,measured,published,20+,national,ENPPE 1975,"concentrated Lima/coast (Pajuelo 1992)"
Philippines,PHL,2013,5.2,8.3,3.1,crude,measured,published,20+,national,NNS 2013,"8th NNS (WHO BMI>=30)"
Philippines,PHL,2023,8.0,13.1,5.1,crude,measured,published,20-59,national,NNS 2023,"WHO BMI>=30"
Poland,POL,2003-2005,20.0,22.0,2.0,crude,measured,published,20-74,national,WOBASZ,"underlies main-panel reconstructed total 21.0"
Poland,POL,2013-2014,24.2,23.4,-0.8,crude,measured,published,20-74,national,WOBASZ II,"male-skewed; underlies reconstructed total 23.8"
Russia,RUS,1994,9.5,27.8,18.3,crude,measured,published,18+,national,RLMS,"Huffman & Rizov; women ~3x men"
Russia,RUS,2004,16.3,36.6,20.3,crude,measured,published,18+,national,RLMS,"Huffman & Rizov; gap widened vs 1994"
Russia,RUS,2012-2014,27.5,31.4,3.9,crude,measured,published,25-64,national,ESSE-RF,"n=20,190; men catching up"
Saudi Arabia,SAU,1990-1993,16.0,24.0,8.0,crude,measured,published,15+,national,Al-Nuaim 1990-93,"n=13,177"
Saudi Arabia,SAU,1995-2000,26.4,44.0,17.6,crude,measured,published,30-70,national,CADISS,"age base 30-70 runs high; n=17,232"
Saudi Arabia,SAU,2013,24.1,33.5,9.4,crude,measured,published,15+,national,SHIS,"n=10,735"
United Kingdom,GBR,1980,6.0,9.0,3.0,crude,measured,published,16+,sub-national,NHWS,"England; pre-HSE anchor"
United Kingdom,GBR,1993,13.2,16.4,3.2,crude,measured,published,16+,sub-national,HSE,"England"
United Kingdom,GBR,1994,13.8,17.3,3.5,crude,measured,published,16+,sub-national,HSE,"England"
United Kingdom,GBR,1995,15.3,17.5,2.2,crude,measured,published,16+,sub-national,HSE,"England"
United Kingdom,GBR,1996,16.4,18.4,2.0,crude,measured,published,16+,sub-national,HSE,"England"
United Kingdom,GBR,1997,17.0,19.7,2.7,crude,measured,published,16+,sub-national,HSE,"England"
United Kingdom,GBR,1998,17.3,21.2,3.9,crude,measured,published,16+,sub-national,HSE,"England"
United Kingdom,GBR,1999,18.7,21.1,2.4,crude,measured,published,16+,sub-national,HSE,"England"
United Kingdom,GBR,2000,21.0,21.4,0.4,crude,measured,published,16+,sub-national,HSE,"England"
United Kingdom,GBR,2001,21.0,23.5,2.5,crude,measured,published,16+,sub-national,HSE,"England"
United Kingdom,GBR,2002,22.1,22.8,0.7,crude,measured,published,16+,sub-national,HSE,"England"
United Kingdom,GBR,2003,22.2,23.0,0.8,crude,measured,published,16+,sub-national,HSE,"England"
United Kingdom,GBR,2004,22.7,23.2,0.5,crude,measured,published,16+,sub-national,HSE,"England"
United Kingdom,GBR,2005,22.1,24.3,2.2,crude,measured,published,16+,sub-national,HSE,"England"
United Kingdom,GBR,2006,23.7,24.2,0.5,crude,measured,published,16+,sub-national,HSE,"England"
United Kingdom,GBR,2007,23.6,24.4,0.8,crude,measured,published,16+,sub-national,HSE,"England"
United Kingdom,GBR,2008,24.1,24.9,0.8,crude,measured,published,16+,sub-national,HSE,"England"
United Kingdom,GBR,2009,22.1,23.9,1.8,crude,measured,published,16+,sub-national,HSE,"England; real survey dip"
United Kingdom,GBR,2010,26.2,26.1,-0.1,crude,measured,published,16+,sub-national,HSE,"England; real survey jump"
United Kingdom,GBR,2011,23.6,25.9,2.3,crude,measured,published,16+,sub-national,HSE,"England"
United Kingdom,GBR,2012,24.4,25.1,0.7,crude,measured,published,16+,sub-national,HSE,"England"
United Kingdom,GBR,2013,26.0,23.8,-2.2,crude,measured,published,16+,sub-national,HSE,"England; male-skewed wave"
United Kingdom,GBR,2014,24.3,26.8,2.5,crude,measured,published,16+,sub-national,HSE,"England"
United Kingdom,GBR,2015,26.9,26.8,-0.1,crude,measured,published,16+,sub-national,HSE,"England"
United Kingdom,GBR,2016,25.7,26.6,0.9,crude,measured,published,16+,sub-national,HSE,"England"
United Kingdom,GBR,2017,27.4,30.0,2.6,crude,measured,published,16+,sub-national,HSE,"England"
United Kingdom,GBR,2018,26.2,29.2,3.0,crude,measured,published,16+,sub-national,HSE,"England"
United Kingdom,GBR,2019,27.0,29.1,2.1,crude,measured,published,16+,sub-national,HSE,"England"
United Kingdom,GBR,2022,28.1,29.6,1.5,crude,measured,published,16+,sub-national,HSE,"England; 2020 (no survey) & 2021 (self-report) excluded"
United Kingdom,GBR,2024,29.2,30.6,1.4,crude,measured,published,16+,sub-national,HSE,"England"
Lebanon,LBN,1997,14.3,18.8,4.5,crude,measured,published,20+,national,Sibai 1997,"first national epidemiological study (Obes Res 2003)"
Lebanon,LBN,2008-2009,26.4,25.9,-0.5,crude,measured,published,20+,national,AUB 2008-09,"AUB national STEPwise; rare male>female gap; n=2,608"
Jordan,JOR,2019,24.5,40.5,16.0,crude,measured,published,18-69,national,STEPS 2019,"strong female skew; n=5,713"
Palestine,PSE,1999-2000,17.5,31.5,14.0,crude,measured,published,18-64,national,FNHANS 2000,"first National Health & Nutrition Survey (Al-Quds)"
Palestine,PSE,2022,24.7,38.8,14.1,crude,measured,published,18-69,national,STEPS 2022,"West Bank + Gaza; West Bank obesity 35.1 > Gaza 27.6"
Syria,SYR,2004,28.8,46.4,17.6,crude,measured,published,18-65,sub-national,Aleppo HHS 2004,"Aleppo city only; n=2,038"
Morocco,MAR,2017-2018,11.0,29.0,18.0,crude,measured,published,18+,national,STEPS 2017-18,"women ~2.6x men; n=5,429; mean BMI 25.9"
Algeria,DZA,2005,9.1,30.1,21.0,crude,measured,published,35-70,national,TAHINA 2005,"age base 35-70; n=4,746"
Algeria,DZA,2016-2017,14.1,30.1,16.0,crude,measured,published,18-69,national,STEPS 2016-17,"n=6,989; men rose 9.1->14.1 since 2005, women flat ~30"
Tunisia,TUN,2005,13.3,37.0,23.7,crude,measured,published,35-70,national,TAHINA 2005,"age base 35-70; huge female skew; n=5,343"
Libya,LBY,2009,21.4,40.1,18.7,crude,measured,published,25-64,national,STEPS 2009,"n=3,590; mean BMI 27.7"
